,Disease,Ratio disease,Ratio community,Relevance
1673,Intellectual Disability,0.2842920353982301,0.4672727272727273,0.13284191472244572
1668,Mental and motor retardation,0.37032418952618457,0.27,0.09998753117206984
1671,Global developmental delay,0.35362997658079626,0.27454545454545454,0.09708750266127315
1670,Cognitive delay,0.3720316622691293,0.25636363636363635,0.09537538978172223
1676,Mental deficiency,0.3419354838709677,0.2409090909090909,0.08237536656891495
1678,Poor school performance,0.3481781376518219,0.23454545454545456,0.08166359955833641
1701,Mental Retardation,0.32505910165484636,0.25,0.08126477541371159
1680,Dull intelligence,0.351123595505618,0.22727272727272727,0.07980081716036773
1681,Low intelligence,0.351123595505618,0.22727272727272727,0.07980081716036773
1669,Small head,0.41702127659574467,0.1781818181818182,0.07430560928433269
1674,Short stature,0.34655172413793106,0.18272727272727274,0.06332445141065832
1784,Malignant neoplasm of breast,0.12967289719626168,0.4036363636363636,0.05234069668649108
2019,Seizures,0.2622549019607843,0.19454545454545455,0.05102049910873441
1921,Breast Carcinoma,0.1237638597542703,0.37545454545454543,0.046467703707739665
1896,Epilepsy,0.24818401937046006,0.18636363636363637,0.046252476337222105
1718,Generalized hypotonia,0.32421052631578945,0.14,0.04538947368421053
1752,Failure to gain weight,0.3308641975308642,0.12181818181818181,0.04030527497194164
1767,Pediatric failure to thrive,0.33004926108374383,0.12181818181818181,0.04020600089565606
1770,Undergrowth,0.33080808080808083,0.1190909090909091,0.03939623507805327
1684,Strabismus,0.3560371517027864,0.10454545454545454,0.037222065859836756
1786,Hyperreflexia,0.41201716738197425,0.08727272727272728,0.03595786188060866
1692,Aplasia/Hypoplasia of the mandible,0.3492063492063492,0.1,0.03492063492063492
1696,Retrusion of lower jaw,0.34824281150159747,0.09909090909090909,0.03450769677606739
1693,Decreased projection of lower jaw,0.34824281150159747,0.09909090909090909,0.03450769677606739
1694,Decreased projection of mandible,0.34824281150159747,0.09909090909090909,0.03450769677606739
1695,Hypoplastic mandible condyle,0.34824281150159747,0.09909090909090909,0.03450769677606739
1690,Micrognathism,0.34276729559748426,0.09909090909090909,0.03396512292738708
1700,Primary microcephaly,0.5961538461538461,0.056363636363636366,0.0336013986013986
1841,"Genetic Diseases, Inborn",0.30213903743315507,0.10272727272727272,0.031037919299951384
1942,Mitochondrial Diseases,0.34275618374558303,0.08818181818181818,0.030224863475746867
1814,Carcinogenesis,0.10962373371924747,0.27545454545454545,0.030196355742665437
1751,Acquired scoliosis,0.321875,0.09363636363636364,0.03013920454545455
1683,Microcephaly,0.40703517587939697,0.07363636363636364,0.029972590223846504
1736,Epileptic encephalopathy,0.29971988795518206,0.09727272727272727,0.0291545709192768
1750,Curvature of spine,0.3194888178913738,0.09090909090909091,0.02904443799012489
1725,Muscle Spasticity,0.32971014492753625,0.08272727272727273,0.02727602108036891
1688,Fetal Growth Retardation,0.3467741935483871,0.07818181818181819,0.02711143695014663
1956,Muscle hypotonia,0.29253731343283584,0.0890909090909091,0.026062415196743557
1686,Intrauterine retardation,0.3521739130434783,0.07363636363636364,0.025932806324110675
1685,"Infant, Small for Gestational Age",0.3508771929824561,0.07272727272727272,0.02551834130781499
1759,Cryptorchidism,0.2974683544303797,0.08545454545454545,0.02542002301495972
1702,Low set ears,0.33755274261603374,0.07272727272727272,0.02454929037207518
1775,Dilated ventricles (finding),0.4024390243902439,0.06,0.024146341463414635
2225,Arthrogryposis,0.3393665158371041,0.06818181818181818,0.02313862607980255
2209,Blepharoptosis,0.3181818181818182,0.07,0.022272727272727274
1682,Orbital separation excessive,0.28523489932885904,0.07727272727272727,0.022040878584502745
1998,Malignant neoplasm of prostate,0.10041077133728891,0.2,0.020082154267457783
1792,Cerebellar Hypoplasia,0.42857142857142855,0.046363636363636364,0.019870129870129868
1717,Congenital Epicanthus,0.32524271844660196,0.060909090909090906,0.019810238305383938
1807,Delayed bone age,0.38095238095238093,0.05090909090909091,0.019393939393939394
1922,Upward slant of palpebral fissure,0.46,0.04181818181818182,0.019236363636363638
1960,Malignant neoplasm of lung,0.11190903650508677,0.17,0.01902453620586475
1938,Hypoplasia of corpus callosum,0.3793103448275862,0.05,0.01896551724137931
1904,Primary malignant neoplasm of lung,0.11503856041131105,0.16272727272727272,0.018719911194204252
1713,Feeding difficulties,0.3230769230769231,0.057272727272727274,0.018503496503496506
1719,Byzanthine arch palate,0.29910714285714285,0.060909090909090906,0.018218344155844154
1920,Cerebral atrophy,0.28174603174603174,0.06454545454545454,0.018185425685425687
1765,Small midface,0.3893129770992366,0.046363636363636364,0.018049965301873697
1764,Midface retrusion,0.3893129770992366,0.046363636363636364,0.018049965301873697
1763,Hypotrophic midface,0.3893129770992366,0.046363636363636364,0.018049965301873697
1762,Decreased projection of midface,0.3893129770992366,0.046363636363636364,0.018049965301873697
1861,Thin upper lip vermilion,0.4411764705882353,0.04090909090909091,0.01804812834224599
2224,Severe mental retardation (I.Q. 20-34),0.3475609756097561,0.05181818181818182,0.018009977827050997
1810,leukemia,0.11991117690599556,0.14727272727272728,0.01765964605342844
1825,melanoma,0.10697399527186761,0.16454545454545455,0.017602084676552762
1796,Clinodactyly of the 5th finger,0.38461538461538464,0.045454545454545456,0.017482517482517484
1903,Leukodystrophy,0.34810126582278483,0.05,0.017405063291139243
1727,Depressed nasal bridge,0.29411764705882354,0.05909090909090909,0.017379679144385027
2147,Motor delay,0.3333333333333333,0.05181818181818182,0.017272727272727273
1843,Delayed speech and language development,0.3313953488372093,0.05181818181818182,0.017172304439746298
1806,Curvature of little finger,0.3828125,0.04454545454545455,0.017052556818181817
1737,Concave bridge of nose,0.2922374429223744,0.05818181818181818,0.017002905770029057
1738,Depressed nasal root/bridge,0.2922374429223744,0.05818181818181818,0.017002905770029057
1809,Pancreatic carcinoma,0.11972371450498849,0.14181818181818182,0.01697899951161655
2198,No development of motor milestones,0.3333333333333333,0.05090909090909091,0.016969696969696968
1849,Feeding difficulties in infancy,0.32044198895027626,0.05272727272727273,0.01689603214465093
1732,Long philtrum,0.34394904458598724,0.04909090909090909,0.016884771279675737
1794,Malignant neoplasm of pancreas,0.11937984496124031,0.14,0.016713178294573645
1689,Downward slant of palpebral fissure,0.31016042780748665,0.05272727272727273,0.01635391346621293
2170,Short palpebral fissure,0.5636363636363636,0.028181818181818183,0.015884297520661155
1708,Short nose,0.33774834437086093,0.046363636363636364,0.015659241420830826
2094,Broad cranium shape,0.425531914893617,0.03636363636363636,0.015473887814313346
2095,Wide skull shape,0.425531914893617,0.03636363636363636,0.015473887814313346
1714,Small nose,0.33783783783783783,0.045454545454545456,0.015356265356265357
1965,Growth failure,0.32098765432098764,0.04727272727272727,0.015173961840628506
2007,Very poor growth,0.35074626865671643,0.042727272727272725,0.014986431478968791
2127,Brachycephaly,0.4,0.03636363636363636,0.014545454545454545
1834,Malignant neoplasm of ovary,0.10612535612535613,0.13545454545454547,0.014375161875161878
2084,Non-Small Cell Lung Carcinoma,0.10183968462549277,0.1409090909090909,0.014350137379046708
1970,Ovarian Carcinoma,0.10218978102189781,0.14,0.014306569343065696
1797,Radial club hand,0.5370370370370371,0.026363636363636363,0.01415824915824916
1672,Mammary Neoplasms,0.0944700460829493,0.14909090909090908,0.014084625052366986
2202,Pyridoxine-responsive sideroblastic anemia,0.8571428571428571,0.016363636363636365,0.014025974025974027
1733,Glioblastoma,0.10622710622710622,0.1318181818181818,0.014002664002664
1812,Malignant tumor of colon,0.10496046010064701,0.13272727272727272,0.013931115613358603
1776,Short neck,0.3048780487804878,0.045454545454545456,0.01385809312638581
1923,Language Delay,0.3081761006289308,0.04454545454545455,0.013727844482561464
2048,Brachydactyly,0.3116883116883117,0.04363636363636364,0.01360094451003542
1705,Squamous cell carcinoma,0.10577644411102775,0.12818181818181817,0.013558616926959012
1993,Growth retardation,0.3384615384615385,0.04,0.01353846153846154
1994,Poor growth,0.3384615384615385,0.04,0.01353846153846154
1863,Colon Carcinoma,0.10124826629680998,0.13272727272727272,0.013438406253940233
1983,Growth delay,0.33587786259541985,0.04,0.013435114503816794
1874,Speech impairment,0.3076923076923077,0.04363636363636364,0.013426573426573428
1954,Speech Delay,0.3006134969325153,0.04454545454545455,0.013390964863357502
1743,"Leukemia, Myelocytic, Acute",0.11046511627906977,0.12090909090909091,0.013356236786469345
1803,Penile hypospadias,0.31724137931034485,0.04181818181818182,0.013266457680250785
1742,Malignant Neoplasms,0.11902439024390243,0.11090909090909092,0.013200886917960088
1855,Tumor Progression,0.0997920997920998,0.13090909090909092,0.013063693063693066
1703,Hematologic Neoplasms,0.1807511737089202,0.07,0.012652582159624415
1845,Hypospadias,0.2987012987012987,0.04181818181818182,0.012491145218417946
2160,Neurogenic Muscular Atrophy,0.2857142857142857,0.04363636363636364,0.012467532467532468
1723,Hypotrophic malar bone,0.31851851851851853,0.03909090909090909,0.012451178451178452
1724,Malar flattening,0.31851851851851853,0.03909090909090909,0.012451178451178452
1932,hypopigmented skin patch,0.46774193548387094,0.026363636363636363,0.012331378299120234
1926,"Low-set, posteriorly rotated ears",0.3389830508474576,0.03636363636363636,0.012326656394453003
1749,Macrotia,0.34210526315789475,0.035454545454545454,0.012129186602870814
1747,Large auricle,0.34210526315789475,0.035454545454545454,0.012129186602870814
1748,Large pinnae,0.34210526315789475,0.035454545454545454,0.012129186602870814
2102,Tracheoesophageal Fistula,0.575,0.02090909090909091,0.012022727272727272
1864,Hypertrophic Cardiomyopathy,0.23076923076923078,0.05181818181818182,0.011958041958041959
2026,Dwarfism,0.2524271844660194,0.04727272727272727,0.011932921447484554
2036,Dystrophic tooth enamel,0.5945945945945946,0.02,0.011891891891891894
2035,Defective tooth enamel,0.5945945945945946,0.02,0.011891891891891894
2061,Muscle degeneration,0.2604166666666667,0.045454545454545456,0.011837121212121214
1838,Decreased platelet count,0.3252032520325203,0.03636363636363636,0.011825572801182557
1950,Aplasia/Hypoplasia of the radius,0.6176470588235294,0.019090909090909092,0.011791443850267381
2201,Cerebellar degeneration,0.3006993006993007,0.03909090909090909,0.011754609027336299
2148,Thrombocytopenia,0.22764227642276422,0.05090909090909091,0.011589061345158906
2106,Polymicrogyria,0.38372093023255816,0.03,0.011511627906976744
2121,"Hearing Loss, Partial",0.25654450261780104,0.04454545454545455,0.011427891480247502
2130,Sloping forehead,0.43283582089552236,0.026363636363636363,0.01141112618724559
1761,Posteriorly rotated ear,0.35714285714285715,0.031818181818181815,0.011363636363636362
1827,Frontal bossing,0.27058823529411763,0.04181818181818182,0.011315508021390374
2008,Degenerative brain disorder,0.31007751937984496,0.03636363636363636,0.011275546159267088
1831,Retrognathia,0.35353535353535354,0.031818181818181815,0.011248852157943065
2180,Low Birth Weights,0.410958904109589,0.02727272727272727,0.0112079701120797
2181,Small for gestational age (disorder),0.410958904109589,0.02727272727272727,0.0112079701120797
2039,Cardiomyopathies,0.18840579710144928,0.05909090909090909,0.011133069828722003
1706,Congenital anemia,0.2658959537572254,0.04181818181818182,0.011119285338938517
1699,Cytopenia,0.2658959537572254,0.04181818181818182,0.011119285338938517
2207,Profound Mental Retardation,0.2896551724137931,0.038181818181818185,0.011059561128526648
2040,Abnormality of dental enamel,0.55,0.02,0.011000000000000001
2197,Cerebellar atrophy,0.2907801418439716,0.03727272727272727,0.010838168923275304
2041,Dystonia,0.25133689839572193,0.042727272727272725,0.010738940204180845
2078,Deafness,0.23880597014925373,0.04363636363636364,0.010420624151967437
1962,Hyperactive behavior,0.1504950495049505,0.06909090909090909,0.010397839783978397
1840,Respiratory Failure,0.2789115646258503,0.03727272727272727,0.010395794681508965
1858,Hemoglobin low,0.2857142857142857,0.03636363636363636,0.010389610389610388
1730,High forehead,0.3130434782608696,0.03272727272727273,0.01024505928853755
2119,Prematurely aged appearance,0.6956521739130435,0.014545454545454545,0.010118577075098814
2060,Joint stiffness,0.34782608695652173,0.02909090909090909,0.010118577075098814
1675,Prostatic Neoplasms,0.0984182776801406,0.10181818181818182,0.01002077009106886
1891,Adenocarcinoma,0.09612141652613827,0.10363636363636364,0.00996167407634524
2002,Supratentorial atrophy,0.3125,0.031818181818181815,0.009943181818181816
1975,Charcot-Marie-Tooth Disease,0.22072072072072071,0.04454545454545455,0.009832104832104832
1830,Neuroblastoma,0.09535864978902954,0.10272727272727272,0.009795934023782125
1949,Death in infancy,0.35714285714285715,0.02727272727272727,0.00974025974025974
2159,Osteochondrodysplasias,0.30434782608695654,0.031818181818181815,0.009683794466403162
1937,Death in early childhood,0.35294117647058826,0.02727272727272727,0.009625668449197862
1741,MYELODYSPLASTIC SYNDROME,0.14398422090729784,0.06636363636363636,0.009555316478393402
1852,Central neuroblastoma,0.0954861111111111,0.1,0.009548611111111112
2190,"Thin, sparse hair",0.37333333333333335,0.025454545454545455,0.009503030303030303
2191,Sparse hair,0.37333333333333335,0.025454545454545455,0.009503030303030303
1746,Solid Neoplasm,0.13008130081300814,0.07272727272727272,0.009460458240946046
1990,Lymphoma,0.10694597574421169,0.08818181818181818,0.009430690588353212
1972,Congenital Abnormality,0.15402298850574714,0.060909090909090906,0.009381400208986417
1943,Congenital chromosomal disease,0.16897506925207756,0.05545454545454546,0.009370435658524301
1992,Esophageal Atresia,0.5625,0.016363636363636365,0.009204545454545455
2196,"Hip Dislocation, Congenital",0.3880597014925373,0.023636363636363636,0.009172320217096337
2004,Dysarthria,0.21904761904761905,0.04181818181818182,0.00916017316017316
2011,Polyhydramnios,0.3229166666666667,0.028181818181818183,0.00910037878787879
1907,Chromosome Breakage,0.5,0.01818181818181818,0.00909090909090909
1976,Absent speech,0.38235294117647056,0.023636363636363636,0.009037433155080214
1782,Joint hyperflexibility,0.31958762886597936,0.028181818181818183,0.009006560449859419
2038,Esophageal atresia with or without tracheoesophageal fistula,0.6153846153846154,0.014545454545454545,0.008951048951048951
1881,Big calvaria,0.24242424242424243,0.03636363636363636,0.008815426997245178
1882,Increased size of skull,0.24242424242424243,0.03636363636363636,0.008815426997245178
2101,Hydrops Fetalis,0.345679012345679,0.025454545454545455,0.008799102132435465
1836,Acute lymphocytic leukemia,0.12172573189522343,0.07181818181818182,0.008742120745202411
1832,Primary malignant neoplasm,0.11428571428571428,0.07636363636363637,0.008727272727272728
1868,Increased head circumference,0.23952095808383234,0.03636363636363636,0.008709853021230266
2229,Prominent ear,0.38095238095238093,0.02181818181818182,0.008311688311688312
1977,Cervix carcinoma,0.10880829015544041,0.07636363636363637,0.008308996702779087
2108,Dystonic disease,0.2831858407079646,0.02909090909090909,0.008238133547868062
1785,"FANCONI ANEMIA, COMPLEMENTATION GROUP A (disorder)",0.21428571428571427,0.038181818181818185,0.008181818181818182
2115,Severe psychomotor retardation,0.4074074074074074,0.02,0.008148148148148147
2003,Hyperkyphosis,0.27049180327868855,0.03,0.008114754098360656
1953,Kyphosis deformity of spine,0.2595419847328244,0.03090909090909091,0.008022206800832755
1773,Hydrocephalus,0.21,0.038181818181818185,0.008018181818181818
2090,Flat face,0.4,0.02,0.008
1754,Ventricular Septal Defects,0.21978021978021978,0.03636363636363636,0.007992007992007992
1957,Prominent globes,0.2818181818181818,0.028181818181818183,0.007942148760330578
2238,Osteogenesis Imperfecta,0.24,0.03272727272727273,0.007854545454545454
1789,Fanconi Anemia,0.19555555555555557,0.04,0.007822222222222223
1860,Postnatal growth retardation,0.3424657534246575,0.022727272727272728,0.007783312577833126
1744,Bulging forehead,0.30434782608695654,0.025454545454545455,0.0077470355731225305
1745,Prominent forehead,0.30434782608695654,0.025454545454545455,0.0077470355731225305
2204,Hypoglycemia,0.2235294117647059,0.034545454545454546,0.00772192513368984
1826,Lung Neoplasms,0.10071942446043165,0.07636363636363637,0.007691301504251145
1989,Congenital anomaly of face,0.29,0.026363636363636363,0.007645454545454545
2016,Nonverbal,0.36507936507936506,0.02090909090909091,0.007633477633477633
2045,Pointed chin,0.4418604651162791,0.017272727272727273,0.0076321353065539116
1900,Secondary malignant neoplasm of lymph node,0.09673790776152981,0.07818181818181819,0.007563145515901422
2071,Osteoporosis,0.1608832807570978,0.046363636363636364,0.007459133926010898
1930,Convex nasal bridge,0.3380281690140845,0.02181818181818182,0.00737516005121639
2158,Micromelia,0.3380281690140845,0.02181818181818182,0.00737516005121639
1931,Prominent nasal bridge,0.3380281690140845,0.02181818181818182,0.00737516005121639
1691,Triple Negative Breast Neoplasms,0.12836438923395446,0.056363636363636366,0.007235083756822888
1969,"Hernia, Inguinal",0.2828282828282828,0.025454545454545455,0.007199265381083563
1726,Neurodegenerative Disorders,0.11956521739130435,0.06,0.007173913043478261
1800,Epithelial ovarian cancer,0.09148936170212765,0.07818181818181819,0.007152804642166344
2046,Congenital Heart Defects,0.1951219512195122,0.03636363636363636,0.007095343680709534
1985,Prominent eyes,0.26851851851851855,0.026363636363636363,0.00707912457912458
1986,Protruding eyes,0.26851851851851855,0.026363636363636363,0.00707912457912458
2056,Exophthalmos,0.2636363636363636,0.026363636363636363,0.006950413223140496
2174,Renal Cell Carcinoma,0.09100758396533044,0.07636363636363637,0.006949670048261598
1804,Atrial Septal Defects,0.23880597014925373,0.02909090909090909,0.006947082767978291
1698,Adenocarcinoma of lung (disorder),0.09342560553633218,0.07363636363636364,0.006879521862220825
1984,Developmental delay (disorder),0.22297297297297297,0.03,0.0066891891891891885
1958,Dysmorphic facies,0.3194444444444444,0.02090909090909091,0.006679292929292929
1779,Colorectal Neoplasms,0.09752925877763328,0.06818181818181818,0.006649722189384087
1862,Malignant Head and Neck Neoplasm,0.14450867052023122,0.045454545454545456,0.006568575932737783
1955,cervical cancer,0.10309278350515463,0.06363636363636363,0.00656044985941893
2189,Sunken eyes,0.3,0.02181818181818182,0.006545454545454546
1927,Squamous cell carcinoma of esophagus,0.1,0.06545454545454546,0.006545454545454546
1947,Microstomia,0.28735632183908044,0.022727272727272728,0.006530825496342737
2161,Enophthalmos,0.2962962962962963,0.02181818181818182,0.006464646464646465
2112,Funny looking face,0.3508771929824561,0.01818181818181818,0.006379585326953747
2110,Deformity of face,0.3508771929824561,0.01818181818181818,0.006379585326953747
2111,Distortion of face,0.3508771929824561,0.01818181818181818,0.006379585326953747
1905,Brain Neoplasms,0.12258064516129032,0.05181818181818182,0.006351906158357771
1677,ovarian neoplasm,0.09873060648801128,0.06363636363636363,0.006282856776509809
1795,Smooth philtrum,0.3448275862068966,0.01818181818181818,0.006269592476489028
2131,Difficulty speaking,0.3389830508474576,0.01818181818181818,0.006163328197226502
2132,Problems speaking,0.3389830508474576,0.01818181818181818,0.006163328197226502
1787,Thick eyebrow,0.3181818181818182,0.019090909090909092,0.006074380165289257
1974,Malignant tumor of cervix,0.10272873194221509,0.05818181818181818,0.005976944403910696
2211,Rotting teeth,0.2972972972972973,0.02,0.005945945945945947
1850,Myeloid Leukemia,0.13279132791327913,0.04454545454545455,0.005915250061591526
1878,Class III malocclusion,0.2696629213483146,0.02181818181818182,0.005883554647599592
1833,Malignant neoplasm of urinary bladder,0.08877928483353884,0.06545454545454546,0.005811007734558906
2028,Malignant neoplasm of liver,0.10582010582010581,0.05454545454545454,0.005772005772005771
1801,Bladder Neoplasm,0.08564814814814815,0.06727272727272728,0.005761784511784512
1857,Carcinoma of bladder,0.08791208791208792,0.06545454545454546,0.005754245754245755
1893,Thyroid carcinoma,0.1102514506769826,0.05181818181818182,0.005713029716898189
1928,Progressive microcephaly,0.3695652173913043,0.015454545454545455,0.0057114624505928855
1780,Squamous cell carcinoma of the head and neck,0.09643916913946587,0.05909090909090909,0.005698678176422983
1889,Cafe-au-Lait Spots,0.3902439024390244,0.014545454545454545,0.0056762749445676275
2205,Herpes Simplex Infections,0.1323943661971831,0.042727272727272725,0.005656850192061459
1880,Increased size of the mandible,0.26744186046511625,0.02090909090909091,0.005591966173361522
1978,Sparse scalp hair,0.33962264150943394,0.016363636363636365,0.005557461406518011
1716,Pancreatic Neoplasm,0.11044176706827309,0.05,0.005522088353413655
1866,Thin lips,0.31666666666666665,0.017272727272727273,0.00546969696969697
2195,Range of joint movement increased,0.37209302325581395,0.014545454545454545,0.005412262156448203
1884,Sandal gap,0.42424242424242425,0.012727272727272728,0.005399449035812673
1791,Patent ductus arteriosus,0.17258883248730963,0.03090909090909091,0.005334563913244116
1912,Hypertrophy of lower jaw,0.2619047619047619,0.02,0.005238095238095239
1913,mandibular excess (physical finding),0.2619047619047619,0.02,0.005238095238095239
1914,Mandibular hyperplasia,0.2619047619047619,0.02,0.005238095238095239
1769,Triangular face,0.2727272727272727,0.019090909090909092,0.005206611570247934
2064,Nasopharyngeal carcinoma,0.10200364298724955,0.05090909090909091,0.005192912733896341
2067,Flexion contracture of proximal interphalangeal joint,0.2558139534883721,0.02,0.005116279069767442
1906,Birthmark,0.375,0.013636363636363636,0.005113636363636364
1739,B-Cell Lymphomas,0.10185185185185185,0.05,0.005092592592592593
1848,Pancreatic Ductal Adenocarcinoma,0.10453648915187377,0.04818181818181818,0.005036758113681191
2066,Absent tendon reflex,0.23076923076923078,0.02181818181818182,0.005034965034965036
2237,Large nose,0.3888888888888889,0.012727272727272728,0.00494949494949495
2236,Hypertrophy of nose,0.3888888888888889,0.012727272727272728,0.00494949494949495
2235,Hyperplasia of nose,0.3888888888888889,0.012727272727272728,0.00494949494949495
2136,Late fontanel closure,0.3888888888888889,0.012727272727272728,0.00494949494949495
2072,"Reflex, Deep Tendon, Absent",0.22641509433962265,0.02181818181818182,0.004939965694682676
2073,Absent reflex,0.22641509433962265,0.02181818181818182,0.004939965694682676
1924,Precursor Cell Lymphoblastic Leukemia Lymphoma,0.1101123595505618,0.04454545454545455,0.004905005107252299
2129,Kyphoscoliosis deformity of spine,0.2835820895522388,0.017272727272727273,0.0048982360922659425
1818,Broad forehead,0.25609756097560976,0.019090909090909092,0.004889135254988914
2037,Macrostomia,0.25301204819277107,0.019090909090909092,0.004830230010952902
1819,Acute leukemia,0.12054794520547946,0.04,0.004821917808219178
1709,Sarcoma,0.10303030303030303,0.046363636363636364,0.004776859504132231
1835,Amyotrophic Lateral Sclerosis,0.10416666666666667,0.045454545454545456,0.004734848484848485
1771,Burkitt Lymphoma,0.12903225806451613,0.03636363636363636,0.00469208211143695
1781,Glioblastoma Multiforme,0.09046849757673667,0.05090909090909091,0.0046056689675429575
1790,Acquired flat foot,0.23595505617977527,0.019090909090909092,0.004504596527068437
2091,Narrow face,0.3076923076923077,0.014545454545454545,0.0044755244755244755
2093,Thin face,0.3076923076923077,0.014545454545454545,0.0044755244755244755
1821,Flatfoot,0.23076923076923078,0.019090909090909092,0.004405594405594406
2034,"Breast Cancer, Familial",0.20168067226890757,0.02181818181818182,0.004400305576776165
1876,Neurofibromatosis 1,0.17177914110429449,0.025454545454545455,0.0043725599553820415
1731,Leukemogenesis,0.09426987060998152,0.046363636363636364,0.004370694001008234
1783,Astrocytoma,0.09426987060998152,0.046363636363636364,0.004370694001008234
1798,"Myeloid Leukemia, Chronic",0.08702531645569621,0.05,0.004351265822784811
2138,Single transverse palmar crease,0.3333333333333333,0.012727272727272728,0.004242424242424242
2169,Dystrophia unguium,0.2909090909090909,0.014545454545454545,0.004231404958677686
2240,Chronic otitis media,0.2909090909090909,0.014545454545454545,0.004231404958677686
1813,Bloom Syndrome,0.2571428571428571,0.016363636363636365,0.004207792207792208
1892,Liver and Intrahepatic Biliary Tract Carcinoma,0.10250569476082004,0.04090909090909091,0.0041934147856699105
2166,Distal sensory impairment,0.2698412698412698,0.015454545454545455,0.0041702741702741705
1729,Stomach Neoplasms,0.08631921824104234,0.04818181818181818,0.004159016878886586
2233,Reduced number of teeth,0.4074074074074074,0.01,0.004074074074074074
2082,Developmental Disabilities,0.18604651162790697,0.02181818181818182,0.004059196617336153
2124,Abnormality of the pinna,0.29411764705882354,0.013636363636363636,0.004010695187165775
1847,Malignant neoplasm of mouth,0.11019283746556474,0.03636363636363636,0.004007012271475081
2088,Joint laxity,0.24324324324324326,0.016363636363636365,0.003980343980343981
1867,Lip and Oral Cavity Carcinoma,0.11206896551724138,0.035454545454545454,0.003973354231974922
1895,Down Syndrome,0.11206896551724138,0.035454545454545454,0.003973354231974922
1757,Esophageal carcinoma,0.09288537549407115,0.042727272727272725,0.003968738771110312
2226,Abnormality of the outer ear,0.3333333333333333,0.011818181818181818,0.003939393939393939
2092,Simple ear,0.28846153846153844,0.013636363636363636,0.003933566433566433
2079,Long face,0.2235294117647059,0.017272727272727273,0.00386096256684492
2152,Conventional (Clear Cell) Renal Cell Carcinoma,0.09706546275395034,0.03909090909090909,0.003794377180381695
2122,Abnormality of the urinary system,0.36666666666666664,0.01,0.0036666666666666666
2134,Choanal Atresia,0.3333333333333333,0.01090909090909091,0.0036363636363636364
2063,Highly arched eyebrow,0.2631578947368421,0.013636363636363636,0.003588516746411483
2062,Bowed and upward slanting eyebrows,0.2631578947368421,0.013636363636363636,0.003588516746411483
1911,Malignant neoplasm of thyroid,0.10326086956521739,0.034545454545454546,0.003567193675889328
1853,Long eyelashes,0.27450980392156865,0.012727272727272728,0.003493761140819965
1715,Malignant neoplasm of esophagus,0.0873015873015873,0.04,0.003492063492063492
2033,Childhood Acute Lymphoblastic Leukemia,0.109375,0.031818181818181815,0.0034801136363636362
1679,"Mammary Neoplasms, Human",0.10026385224274406,0.034545454545454546,0.0034636603502038858
2216,Uterine Corpus Cancer,0.0960591133004926,0.035454545454545454,0.003405732198835647
2128,Meningioma,0.10862619808306709,0.03090909090909091,0.0033575370316584374
2187,Weight decreased,0.17355371900826447,0.019090909090909092,0.0033132982719759584
1712,Precursor T-Cell Lymphoblastic Leukemia-Lymphoma,0.1069182389937107,0.03090909090909091,0.0033047455688965124
2022,Hirsutism,0.25925925925925924,0.012727272727272728,0.0032996632996633
1890,Familial Alzheimer Disease (FAD),0.1564625850340136,0.02090909090909091,0.0032714904143475573
1774,Esophageal Neoplasms,0.08723404255319149,0.03727272727272727,0.003251450676982592
1869,Seckel syndrome,0.3235294117647059,0.01,0.003235294117647059
2142,Malignant neoplasm of endometrium,0.09336609336609336,0.034545454545454546,0.0032253741344650433
1980,Thick lower lip vermilion,0.23076923076923078,0.013636363636363636,0.003146853146853147
1979,Full lower lip,0.23076923076923078,0.013636363636363636,0.003146853146853147
1995,Heart Septal Defects,0.2653061224489796,0.011818181818181818,0.00313543599257885
2137,Hypertrichosis,0.2857142857142857,0.01090909090909091,0.003116883116883117
2006,Nephroblastoma,0.11070110701107011,0.02727272727272727,0.003019121100301912
2186,Familial multiple trichoepitheliomata,0.1652892561983471,0.01818181818181818,0.0030052592036063108
1815,Colonic Neoplasms,0.0763765541740675,0.03909090909090909,0.0029856289358953657
1758,Malignant neoplasm of skin,0.11666666666666667,0.025454545454545455,0.00296969696969697
1824,Carcinoma breast stage IV,0.10508474576271186,0.028181818181818183,0.002961479198767334
2086,Thyroid Neoplasm,0.09705882352941177,0.03,0.002911764705882353
1817,Fibrosarcoma,0.11790393013100436,0.024545454545454544,0.002894005557761016
1829,Hyperkeratosis,0.17142857142857143,0.016363636363636365,0.0028051948051948054
1822,Convex nasal ridge,0.2553191489361702,0.01090909090909091,0.0027852998065764022
1846,Monosomy,0.15966386554621848,0.017272727272727273,0.0027578304048892282
1753,Retinoblastoma,0.08641975308641975,0.031818181818181815,0.0027497194163860826
1935,Skin Neoplasms,0.12371134020618557,0.02181818181818182,0.0026991565135895037
2020,Low posterior hairline,0.22807017543859648,0.011818181818181818,0.0026953748006379582
1755,Ataxia Telangiectasia,0.09868421052631579,0.02727272727272727,0.002691387559808612
1802,Epithelioma,0.11304347826086956,0.023636363636363636,0.0026719367588932804
2023,Myeloproliferative disease,0.1218274111675127,0.02181818181818182,0.0026580526072911862
1811,Acute Promyelocytic Leukemia,0.0903954802259887,0.02909090909090909,0.0026296866974833077
2018,Papilloma,0.13548387096774195,0.019090909090909092,0.0025865102639296192
1728,Diffuse Large B-Cell Lymphoma,0.08083140877598152,0.031818181818181815,0.002571908461053957
2220,Cholangiocarcinoma,0.09316770186335403,0.02727272727272727,0.002540937323546019
1735,Medulloblastoma,0.07900677200902935,0.031818181818181815,0.0025138518366509335
1934,Skin Carcinogenesis,0.1588785046728972,0.015454545454545455,0.002455395072217502
2151,Scleroderma,0.1417910447761194,0.017272727272727273,0.0024491180461329713
2030,Motor neuron atrophy,0.1917808219178082,0.012727272727272728,0.002440846824408468
1768,Cutaneous Melanoma,0.10638297872340426,0.022727272727272728,0.0024177949709864605
1902,"Carcinoma, Transitional Cell",0.09491525423728814,0.025454545454545455,0.002416024653312789
1997,"Neoplastic Syndromes, Hereditary",0.203125,0.011818181818181818,0.0024005681818181817
2109,Ki-1+ Anaplastic Large Cell Lymphoma,0.1242603550295858,0.019090909090909092,0.0023722431414739107
1837,Ewings sarcoma,0.09774436090225563,0.023636363636363636,0.002310321257689679
1704,Hepatocarcinogenesis,0.07920792079207921,0.02909090909090909,0.0023042304230423043
2206,Brain Ischemia,0.11458333333333333,0.02,0.0022916666666666667
1899,Squamous cell carcinoma of lung,0.10747663551401869,0.02090909090909091,0.002247238742565845
1839,Malignant Glioma,0.08064516129032258,0.02727272727272727,0.00219941348973607
2150,Sporadic Breast Carcinoma,0.14166666666666666,0.015454545454545455,0.0021893939393939394
1777,Anaplastic astrocytoma,0.1323529411764706,0.016363636363636365,0.0021657754010695187
1816,Blast Phase,0.11834319526627218,0.01818181818181818,0.002151694459386767
2080,Metastatic melanoma,0.08666666666666667,0.023636363636363636,0.0020484848484848485
2219,Skin Ulcer,0.18181818181818182,0.01090909090909091,0.0019834710743801653
1697,Rhabdomyosarcoma,0.08280254777070063,0.023636363636363636,0.0019571511291256514
1961,Wide nose,0.19298245614035087,0.01,0.0019298245614035087
1722,Tumor Initiation,0.10526315789473684,0.01818181818181818,0.0019138755980861242
1721,"Carcinoma, Spindle-Cell",0.11538461538461539,0.016363636363636365,0.0018881118881118883
1710,Undifferentiated carcinoma,0.10309278350515463,0.01818181818181818,0.001874414245548266
1971,Adenoid Cystic Carcinoma,0.11320754716981132,0.016363636363636365,0.0018524871355060037
1687,Invasive carcinoma of breast,0.08116883116883117,0.022727272727272728,0.0018447461629279812
2042,Osteoarthrosis Deformans,0.16666666666666666,0.01090909090909091,0.0018181818181818182
2032,Childhood Leukemia,0.12403100775193798,0.014545454545454545,0.0018040873854827343
2200,Recurrent tumor,0.08835341365461848,0.02,0.0017670682730923696
1917,synovial sarcoma,0.10778443113772455,0.016363636363636365,0.0017637452367991293
2167,Urothelial Carcinoma,0.10106382978723404,0.017272727272727273,0.0017456479690522242
2214,T-Cell Lymphoma,0.09012875536480687,0.019090909090909092,0.0017206398751463132
1720,Endometrial Neoplasms,0.09844559585492228,0.017272727272727273,0.001700423928403203
1988,Melanocytic nevus,0.10967741935483871,0.015454545454545455,0.0016950146627565984
1877,"Malignant lymphoma, lymphocytic, intermediate differentiation, diffuse",0.0842911877394636,0.02,0.0016858237547892722
1999,Werner Syndrome,0.15384615384615385,0.01090909090909091,0.0016783216783216785
1964,Congenital contractural arachnodactyly,0.10493827160493827,0.015454545454545455,0.001621773288439955
2179,Irritation - emotion,0.16176470588235295,0.01,0.0016176470588235294
1756,Carcinomatosis,0.1103448275862069,0.014545454545454545,0.0016050156739811912
1766,Refractory cancer,0.1103448275862069,0.014545454545454545,0.0016050156739811912
2182,Uterine Fibroids,0.08366533864541832,0.019090909090909092,0.0015972473741398044
2099,Malignant neoplasm of kidney,0.076158940397351,0.02090909090909091,0.001592414208308248
1996,Hematopoietic Neoplasms,0.10884353741496598,0.014545454545454545,0.0015831787260358688
1929,Frontotemporal dementia,0.12173913043478261,0.012727272727272728,0.0015494071146245061
1707,Anaplastic carcinoma,0.1,0.015454545454545455,0.0015454545454545456
1919,Spinal Muscular Atrophy,0.10526315789473684,0.014545454545454545,0.0015311004784688993
1760,Carcinoma,0.09770114942528736,0.015454545454545455,0.001509926854754441
2230,Neurilemmoma,0.12745098039215685,0.011818181818181818,0.0015062388591800355
2047,Mouth Neoplasms,0.1262135922330097,0.011818181818181818,0.0014916151809355692
1823,Adenomatous Polyposis Coli,0.07457627118644068,0.02,0.0014915254237288136
1901,liposarcoma,0.125,0.011818181818181818,0.0014772727272727272
2100,Mesothelioma,0.07608695652173914,0.019090909090909092,0.0014525691699604744
2098,Collecting Duct Carcinoma of the Kidney,0.12264150943396226,0.011818181818181818,0.0014493996569468267
2107,TARSAL-CARPAL COALITION SYNDROME,0.112,0.012727272727272728,0.0014254545454545455
1778,Hereditary Diffuse Gastric Cancer,0.0815450643776824,0.017272727272727273,0.001408505657432696
1808,Neoplasm Invasiveness,0.10204081632653061,0.013636363636363636,0.0013914656771799629
2049,Acute Erythroblastic Leukemia,0.09523809523809523,0.014545454545454545,0.0013852813852813853
1799,Motor Neuron Disease,0.11607142857142858,0.011818181818181818,0.0013717532467532468
2171,Sarcomatoid Renal Cell Carcinoma,0.12244897959183673,0.01090909090909091,0.0013358070500927644
2001,Adenocarcinoma Of Esophagus,0.08108108108108109,0.016363636363636365,0.001326781326781327
1966,Prostatic Intraepithelial Neoplasias,0.1037037037037037,0.012727272727272728,0.00131986531986532
1887,Ductal Carcinoma,0.0903954802259887,0.014545454545454545,0.0013148433487416538
1925,Promyelocytic leukemia,0.0898876404494382,0.014545454545454545,0.0013074565883554646
1772,Breast adenocarcinoma,0.10144927536231885,0.012727272727272728,0.0012911725955204218
2218,Cardiomegaly,0.1092436974789916,0.011818181818181818,0.0012910618792971733
2133,PACHYONYCHIA CONGENITA 3,0.11764705882352941,0.01090909090909091,0.0012834224598930481
2114,"Adenocarcinoma, Clear Cell",0.125,0.01,0.00125
1879,"Mammary Neoplasms, Experimental",0.10236220472440945,0.011818181818181818,0.0012097351467430207
2076,Malignant mesothelioma,0.07377049180327869,0.016363636363636365,0.0012071535022354694
1886,Animal Mammary Neoplasms,0.10344827586206896,0.01090909090909091,0.0011285266457680251
1885,"Mammary Carcinoma, Animal",0.10344827586206896,0.01090909090909091,0.0011285266457680251
1910,Acute Myeloid Leukemia (AML-M2),0.11224489795918367,0.01,0.0011224489795918367
1793,Disease Exacerbation,0.10084033613445378,0.01090909090909091,0.0011000763941940413
2055,Hereditary Nonpolyposis Colorectal Cancer,0.11,0.01,0.0011
1859,Intrahepatic Cholangiocarcinoma,0.09285714285714286,0.011818181818181818,0.0010974025974025974
1805,Mammary Tumorigenesis,0.09154929577464789,0.011818181818181818,0.0010819462227912933
1888,Anoxia,0.07339449541284404,0.014545454545454545,0.0010675562969140952
1820,Noninfiltrating Intraductal Carcinoma,0.07239819004524888,0.014545454545454545,0.0010530645824763474
2143,Fibroid Tumor,0.07111111111111111,0.014545454545454545,0.0010343434343434343
1973,Childhood Glioblastoma,0.08333333333333333,0.01090909090909091,0.0009090909090909091
1740,Multiple malignancy,0.0821917808219178,0.01090909090909091,0.0008966376089663761
1952,Adult Glioblastoma,0.0821917808219178,0.01090909090909091,0.0008966376089663761
2156,Renal fibrosis,0.08,0.01090909090909091,0.0008727272727272728
2157,Reticulocyte count (procedure),0.08,0.01090909090909091,0.0008727272727272728
1854,"Carcinoma, Papillary",0.07792207792207792,0.01090909090909091,0.0008500590318772138
1844,Disseminated Malignant Neoplasm,0.07792207792207792,0.01090909090909091,0.0008500590318772138
